tonys,1
rhody,2
hawke,3
stever,4
falcon,5
nickf,6
blackw,7
bruceb,8
vision,9
wandam,10
pietrom,11
ultronu,12
wolfgangv,13
helenc,14
mariah,15
ultrons,16
peggyc,17
thor,18
heimdall,19
madameb,20
laurab,21
ulyssesk,22
list,23
pepperp,24
happyh,25
christinee,26
yinsen,27
philc,28
obadiahs,29
raza,30
abub,31
bettyr,32
thunderboltr,33
emilb,34
samuels,35
leonards,36
howardso,37
whiplash,38
justinh,39
stern,40
antonvo,41
loki,42
odin,43
frigga,44
sif,45
volstagg,46
hogun,47
fandral,48
janef,49
darcyl,50
eriks,51
laufey,52
destroyer,53
jaspers,54
bucky,55
dumdum,56
gabej,57
jimm,58
jamesm,59
chesterp,60
abrahame,61
johanns,62
arnimz,63
chitauri,64
other,65
thanos,66
aldrichk,67
mayah,68
trevors,69
erics,70
ellenb,71
harleyk,72
jackt,73
matthewe,74
malekith,75
algrim,76
darkelf,77
asgardian,78
bor,79
alexanderp,80
brockr,81
jackr,82
sharonc,83
georgesb,84
collector,85
peterq,86
gamora,87
drax,88
rocket,89
groota,90
yonduu,91
nebula,92
ronan,93
korath,94
rhomannd,95
garthans,96
iranir,97
novac,98
meredithq,99
kraglino,100
cosmo,101
carina,102
howardd,103
scottl,104
hankp,105
hopev,106
darrenc,107
maggiel,108
cassiel,109
luis,110
kurt,111
dave,112
marias,113
tchalla,114
helmutz,115
peterp,116
mayp,117
tchaka,118
everettr,119
stephens,120
anciento,121
karlm,122
kaecilius,123
christinep,124
wong,125
hamir,126
jonathanp,127
dormammu,128
mantis,129
ayesha,130
ego,131
taserf,132
stakaro,133
martinex,134
krugarr,135
charlie,136
aletao,137
mainf,138
nedl,139
michellej,140
lizt,141
eugenet,142
bettyb,143
adriant,144
aarond,145
jacksonb,146
hermans,147
phineasm,148
macg,149
principalm,150
annem,151
hela,152
skurge,153
valk,154
grandm,155
topaz,156
korg,157
miek,158
surtur,159
fenris,160
erikk,161
shuri,162
nakia,163
okoye,164
ramonda,165
wkabi,166
mbaku,167
zuri,168
njobu,169
miningt,170
rivert,171
bordert,172
merchantt,173
midnightp,174
corviusg,175
ebonym,176
obsidianc,177
outrider,178
ironl,179
jacksonn,180
jarvis,181
stanlee,182
